e,M,M_label,method,root,iterations,residual,absolute_error,converged
0.05,0.1,0.1,Bisection,0.10525293350219728,19,1.7958261128159236e-09,1.889792933251755e-09,True
0.05,0.1,0.1,Regula Falsi,0.10525293528893048,2,9.793517385947581e-11,1.030597274187528e-10,True
0.05,0.1,0.1,Newton-Raphson,0.10525293539199418,2,3.858025010572419e-15,3.969047313034935e-15,True
0.1,0.1,0.1,Bisection,0.11108574867248536,21,6.429192511703263e-09,7.138658220107175e-09,True
0.1,0.1,0.1,Regula Falsi,0.11108573636763844,2,4.652754015399552e-09,5.1661886990572725e-09,True
0.1,0.1,0.1,Newton-Raphson,0.11108574153463782,2,7.301936832959655e-13,8.106848525812893e-13,True
0.15,0.1,0.1,Bisection,0.11759926080703736,22,2.308258834071708e-09,2.712292654361015e-09,True
0.15,0.1,0.1,Regula Falsi,0.11759925798299514,3,9.510282839020334e-11,1.1174956793258417e-10,True
0.15,0.1,0.1,Newton-Raphson,0.117599258115693,2,1.7827822551552686e-11,2.094828477350319e-11,True
0.2,0.1,0.1,Bisection,0.12491884231567385,21,6.137417379870058e-10,7.65685473358424e-10,True
0.2,0.1,0.1,Regula Falsi,0.12491884006978857,3,1.1864665777627792e-09,1.4801998099445157e-09,True
0.2,0.1,0.1,Newton-Raphson,0.1249188417816425,2,1.85684398412711e-10,2.3165412643688654e-10,True
0.25,0.1,0.1,Bisection,0.13320214152336118,23,6.999516050099075e-09,9.305212073096314e-09,True
0.25,0.1,0.1,Regula Falsi,0.1332021386597318,3,9.153579810794454e-09,1.2168841462267821e-08,True
0.25,0.1,0.1,Newton-Raphson,0.13320215242757552,2,1.2027928930624654e-09,1.5990022639300605e-09,True
0.3,0.1,0.1,Bisection,0.1426500201225281,23,5.949346126854493e-09,8.462228695549356e-09,True
0.3,0.1,0.1,Regula Falsi,0.1426500107556517,4,6.360099252811224e-10,9.046476900920197e-10,True
0.3,0.1,0.1,Newton-Raphson,0.1426500198151022,2,5.733211211333966e-09,8.154802805249162e-09,True
0.35,0.1,0.1,Bisection,0.15352181494235986,24,1.3947760446608726e-09,2.132305221280717e-09,True
0.35,0.1,0.1,Regula Falsi,0.153521805786691,4,4.5940977688729845e-09,7.023363640668023e-09,True
0.35,0.1,0.1,Newton-Raphson,0.15352181281005456,3,2.7755575615628914e-17,8.326672684688674e-17,True
0.4,0.1,0.1,Bisection,0.16615767478942878,23,5.857089618865885e-09,9.673001927223979e-09,True
0.4,0.1,0.1,Regula Falsi,0.16615766381251829,5,7.895282760905786e-10,1.3039085644539483e-09,True
0.4,0.1,0.1,Newton-Raphson,0.1661576651164275,3,4.579669976578771e-16,6.38378239159465e-16,True
0.45,0.1,0.1,Bisection,0.18101075887680057,22,8.711821680718046e-10,1.5630737260075023e-09,True
0.45,0.1,0.1,Regula Falsi,0.18101075010413187,5,5.76064655699593e-09,1.0335742428591033e-08,True
0.45,0.1,0.1,Newton-Raphson,0.18101076043988365,3,5.315192730392937e-15,9.353628982466944e-15,True
0.5,0.1,0.1,Bisection,0.19869515895843504,22,6.509332309279081e-09,1.2767464585561328e-08,True
0.5,0.1,0.1,Regula Falsi,0.19869516749802185,6,2.155530601233302e-09,4.22787777010214e-09,True
0.5,0.1,0.1,Newton-Raphson,0.19869517172599438,3,4.839184608584901e-14,9.475753515175711e-14,True
0.55,0.1,0.1,Bisection,0.22005676329135893,24,3.4570747514672817e-09,7.462441525829533e-09,True
0.55,0.1,0.1,Regula Falsi,0.2200567529411625,7,1.3377905311307003e-09,2.8877548963190947e-09,True
0.55,0.1,0.1,Newton-Raphson,0.2200567558296742,3,3.506916979034713e-13,7.568112803113536e-13,True
0.6,0.1,0.1,Bisection,0.2462769865989685,24,8.29462026841199e-10,1.9838658771309525e-09,True
0.6,0.1,0.1,Regula Falsi,0.24627698547343663,8,1.3000513165994931e-09,3.1093977392870897e-09,True
0.6,0.1,0.1,Newton-Raphson,0.24627698858754046,3,1.967731533270012e-12,4.7060966235079604e-12,True
0.65,0.1,0.1,Bisection,0.2790170401334763,24,3.4498742196298338e-09,9.196288064394764e-09,True
0.65,0.1,0.1,Regula Falsi,0.2790170444150909,9,1.8436791815457099e-09,4.914673445988171e-09,True
0.65,0.1,0.1,Newton-Raphson,0.2790170493508061,3,7.893657949509247e-12,2.1041779429964436e-11,True
0.7,0.1,0.1,Bisection,0.320585823059082,19,9.637062703404808e-09,2.871041754337611e-08,True
0.7,0.1,0.1,Regula Falsi,0.32058578407084604,10,3.449896729401658e-09,1.0277818429660357e-08,True
0.7,0.1,0.1,Newton-Raphson,0.32058579440448237,3,1.8736179274725373e-11,5.581790585296176e-11,True
0.75,0.1,0.1,Bisection,0.3740211337804794,24,3.2341426758897285e-10,1.0714374942821792e-09,True
0.75,0.1,0.1,Regula Falsi,0.37402110862186405,11,7.27073176665094e-09,2.4087177863396647e-08,True
0.75,0.1,0.1,Newton-Raphson,0.3740211327635021,3,1.6438933547746615e-11,5.446015860499642e-11,True
0.8,0.1,0.1,Bisection,0.4427165985107422,21,8.616479335588068e-09,3.1092165841961616e-08,True
0.8,0.1,0.1,Regula Falsi,0.4427165544020751,13,3.607223991730635e-09,1.3016501265727953e-08,True
0.8,0.1,0.1,Newton-Raphson,0.4427165674226551,3,1.1304013280977188e-12,4.0787373478679e-12,True
0.85,0.1,0.1,Bisection,0.5288863301277161,22,6.310818007060348e-09,2.3712765084837883e-08,True
0.85,0.1,0.1,Regula Falsi,0.5288862898962128,14,4.396228908687405e-09,1.6518738266135813e-08,True
0.85,0.1,0.1,Newton-Raphson,0.5288863065347208,2,3.187508590407617e-11,1.1976974967353726e-10,True
0.9,0.1,0.1,Bisection,0.6308434963226319,21,8.53562145963771e-09,3.124052194714011e-08,True
0.9,0.1,0.1,Regula Falsi,0.6308435035629083,14,6.5574131957735204e-09,2.4000245568700507e-08,True
0.9,0.1,0.1,Newton-Raphson,0.6308435296022913,3,5.571388628222707e-10,2.0391374144779206e-09,True
0.95,0.1,0.1,Bisection,0.7419176697731018,22,4.996761615583267e-10,1.6673400438094177e-09,True
0.95,0.1,0.1,Regula Falsi,0.741917658285131,14,2.9430913539574277e-09,9.820630753054616e-09,True
0.95,0.1,0.1,Newton-Raphson,0.7419176681119759,4,1.8623713682330845e-12,6.214140313431926e-12,True
0.05,1.5707963267948966,pi/2,Bisection,1.6207340041783196,20,8.719025945680414e-09,8.697318865102943e-09,True
0.05,1.5707963267948966,pi/2,Regula Falsi,1.6207339954808802,2,1.2079226507921703e-13,1.20570220474292e-13,True
0.05,1.5707963267948966,pi/2,Newton-Raphson,1.6207339954869993,2,6.013411990579698e-12,5.998535002049721e-12,True
0.1,1.5707963267948966,pi/2,Bisection,1.670301667847906,23,1.6506145339434397e-09,1.6343784103867165e-09,True
0.1,1.5707963267948966,pi/2,Regula Falsi,1.6703016694227613,2,6.011435793595865e-11,5.952305315304329e-11,True
0.1,1.5707963267948966,pi/2,Newton-Raphson,1.6703016702113245,2,7.362823684076147e-10,7.290401615733799e-10,True
0.15,1.5707963267948966,pi/2,Bisection,1.7191487173226216,23,2.188298431349267e-09,2.1408332884220727e-09,True
0.15,1.5707963267948966,pi/2,Regula Falsi,1.7191487173084512,2,2.2027828450177367e-09,2.1550037310191783e-09,True
0.15,1.5707963267948966,pi/2,Newton-Raphson,1.7191487194634547,3,2.220446049250313e-16,2.220446049250313e-16,True
0.2,1.5707963267948966,pi/2,Bisection,1.766960601010595,22,7.243929900369039e-09,6.972143751227122e-09,True
0.2,1.5707963267948966,pi/2,Regula Falsi,1.7669606079731721,3,9.939604694864101e-12,9.566569758590049e-12,True
0.2,1.5707963267948966,pi/2,Newton-Raphson,1.7669606079827394,3,6.661338147750939e-16,6.661338147750939e-16,True
0.25,1.5707963267948966,pi/2,Bisection,1.8134710053589682,23,2.2015833600619317e-09,2.076818717000606e-09,True
0.25,1.5707963267948966,pi/2,Regula Falsi,1.813471007286995,3,1.577302732869157e-10,1.4879186771565855e-10,True
0.25,1.5707963267948966,pi/2,Newton-Raphson,1.813471007435798,3,1.199040866595169e-14,1.1102230246251565e-14,True
0.3,1.5707963267948966,pi/2,Bisection,1.8584684113648275,24,7.471048224516608e-10,6.885021441860317e-10,True
0.3,1.5707963267948966,pi/2,Regula Falsi,1.8584684107302134,3,1.4357348643301293e-09,1.3231162832028076e-09,True
0.3,1.5707963267948966,pi/2,Newton-Raphson,1.8584684120534474,3,1.27675647831893e-13,1.176836406102666e-13,True
0.35,1.5707963267948966,pi/2,Bisection,1.9017974356797078,23,4.620146043521345e-09,4.148292376271456e-09,True
0.35,1.5707963267948966,pi/2,Regula Falsi,1.901797431874187,3,8.858531463928898e-09,7.953813163652512e-09,True
0.35,1.5707963267948966,pi/2,Newton-Raphson,1.901797439828763,3,8.495426584431698e-13,7.627232179174825e-13,True
0.4,1.5707963267948966,pi/2,Bisection,1.943355826535497,23,4.4775674279406985e-09,3.90849042020136e-09,True
0.4,1.5707963267948966,pi/2,Regula Falsi,1.943355822468691,4,1.813662553473705e-10,1.5831558286549807e-10,True
0.4,1.5707963267948966,pi/2,Newton-Raphson,1.9433558226304564,3,3.951949878455707e-12,3.4496849821152864e-12,True
0.45,1.5707963267948966,pi/2,Bisection,1.9830884645369395,24,1.635126256616104e-09,1.3853247438078142e-09,True
0.45,1.5707963267948966,pi/2,Regula Falsi,1.983088462314953,4,9.875282813709418e-10,8.366618509114687e-10,True
0.45,1.5707963267948966,pi/2,Newton-Raphson,1.9830884631633887,3,1.389732773304786e-11,1.1773915176149785e-11,True
0.5,1.5707963267948966,pi/2,Bisection,2.0209799418833594,25,4.618943005851861e-09,3.793589442580014e-09,True
0.5,1.5707963267948966,pi/2,Regula Falsi,2.0209799345867063,4,4.265209518905522e-09,3.5030636169608442e-09,True
0.5,1.5707963267948966,pi/2,Newton-Raphson,2.020979938121798,3,3.8996139650748773e-11,3.2028157903596366e-11,True
0.55,1.5707963267948966,pi/2,Bisection,2.0570465842869616,20,3.895617162186227e-11,3.099076550938662e-11,True
0.55,1.5707963267948966,pi/2,Regula Falsi,2.0570465841717613,5,1.8376544730358546e-10,1.4619105925817166e-10,True
0.55,1.5707963267948966,pi/2,Newton-Raphson,2.0570465843902275,3,9.085132646191596e-11,7.227507481388784e-11,True
0.6,1.5707963267948966,pi/2,Bisection,2.0913289646294464,25,1.8222712228066484e-09,1.4034688966546582e-09,True
0.6,1.5707963267948966,pi/2,Regula Falsi,2.0913289654771514,5,7.216065522896997e-10,5.55763879361848e-10,True
0.6,1.5707963267948966,pi/2,Newton-Raphson,2.0913289661723655,3,1.8106316446164783e-10,1.3945022914185756e-10,True
0.65,1.5707963267948966,pi/2,Bisection,2.123885197439465,24,6.802634899827353e-09,5.071080444452036e-09,True
0.65,1.5707963267948966,pi/2,Regula Falsi,2.1238851905707423,5,2.4114592545032565e-09,1.797642035228364e-09,True
0.65,1.5707963267948966,pi/2,Newton-Raphson,2.1238851926038698,3,3.1589331150883027e-10,2.354854089503533e-10,True
0.7,1.5707963267948966,pi/2,Bisection,2.154785295822893,26,3.771238432648261e-09,2.7210509401243144e-09,True
0.7,1.5707963267948966,pi/2,Regula Falsi,2.1547852880307756,5,7.028241100215382e-09,5.071066233597321e-09,True
0.7,1.5707963267948966,pi/2,Newton-Raphson,2.154785293456326,3,4.91296558990939e-10,3.5448399771098593e-10,True
0.75,1.5707963267948966,pi/2,Bisection,2.1841066862132887,25,9.613523754836706e-09,6.7148397953076255e-09,True
0.75,1.5707963267948966,pi/2,Regula Falsi,2.184106679148303,6,5.012981141305772e-10,3.501461343091705e-10,True
0.75,1.5707963267948966,pi/2,Newton-Raphson,2.184106679981146,3,6.910694239081749e-10,4.826969934867975e-10,True
0.8,1.5707963267948966,pi/2,Bisection,2.211930612721715,25,4.602918490803631e-09,3.11326919799626e-09,True
0.8,1.5707963267948966,pi/2,Regula Falsi,2.211930608685954,6,1.3638894458267714e-09,9.2249186067761e-10,True
0.8,1.5707963267948966,pi/2,Newton-Raphson,2.211930610210042,3,8.894502911971358e-10,6.015961062644237e-10,True
0.85,1.5707963267948966,pi/2,Bisection,2.238339528688465,26,6.270926222740059e-09,4.108850593098623e-09,True
0.85,1.5707963267948966,pi/2,Regula Falsi,2.238339522390783,6,3.3405938015818037e-09,2.188831338401087e-09,True
0.85,1.5707963267948966,pi/2,Newton-Raphson,2.238339525272413,3,1.0573488751219884e-09,6.927987072913311e-10,True
0.9,1.5707963267948966,pi/2,Bisection,2.263415100672517,26,8.951260621614665e-09,5.684425374852253e-09,True
0.9,1.5707963267948966,pi/2,Regula Falsi,2.2634151016187514,6,7.461226525506959e-09,4.738191172748429e-09,True
0.9,1.5707963267948966,pi/2,Newton-Raphson,2.2634151070997954,3,1.169769392461717e-09,7.428528903119513e-10,True
0.95,1.5707963267948966,pi/2,Bisection,2.287236911677991,27,1.3248158126089038e-09,8.158389519508091e-10,True
0.95,1.5707963267948966,pi/2,Regula Falsi,2.2872369120622804,7,7.007801006153613e-10,4.315494628315264e-10,True
0.95,1.5707963267948966,pi/2,Newton-Raphson,2.287236913240035,3,1.2117398195954365e-09,7.462053197571095e-10,True
